X_test,y_pred,y_test
sonnen is a faggot,0,0
people on this site are fucking retarded sometimes,0,0
after bo rt bruh lol i retired after mw because everything was trash afterwards,2,2
im sick of his shit man sit his bitch ass im fed up bro rt geno threw yet another pick smh,0,1
have you noticed all the ghetto people naming their kids after cars mercedes lexus repossessed,2,2
because if nobody was judging the birds this account wouldnt even cause a ripple in d ocean,2,2
you gotta fuck every race just to see which dickpussy you like the best thot,0,1
rt i love cripples look at all these fucking cripples goddamit im a people person,0,0
rt this nigga is a fuckin faggot,0,0
eli manning just threw his nflleading th interception of the season lmao trash,2,2
u get what u put in if all u offering is pussy dont be mad when all u receive is dick,1,1
lance stevenson gone leave indiana he trash anyway,2,2
is dare any colored players in hockey,2,2
no text back i dont give a fuck ill text another bitch damn someone is hurt lol,1,1
is my main bitch,1,1
and i just cleaned the entire fucking weight room looked like a tornado went through this bitchcmon franklin,2,1
fuck your mother faggot,0,0
photo he is in sole heaven,2,2
just remember to keep the skirt dark colored it camouflages all that pan dimensional gore,0,2
isis jihadis discuss and selling yezidi girls as slaves,2,2
fuck boi fag,1,0
i woke up like thi bitch go back to bed,1,1
shes from florida so youve got to do the sniff test in those swamp pussies,1,1
rt how you real dont put no money on you nigga books but chu buy a bitch chanel just to hit the puss,0,0
got to on flappy bird,2,2
fuck your store bitch,0,0
im starting to not like meek this nig a lil to arrogant for me,0,0
if youre toes aint done you pussy stinks,1,1
ok sis shed rather be a broke bitch shrugs shell have to tell me how it works for her,0,1
homework and boonies date with caitlin tonightgtgt,1,2
you speak colored tooi thinks i be in love,2,2
august is trash,2,2
isaiah mom asked me if i wanted a brownie i said no thanks she said what are fasting,1,2
i like rivers he talks a lot of trash you can tell he loves the game,0,2
do girls wear bathrobes still cuz i have really cute fuzzy bathrobe from victorias secret is that even ok to wear,2,2
damn near gotta protect my tweets stalkers being annoying you got that dope dick drive these bitches loco,1,1
im guessing so the players are talking trash,2,2
early bird catches the worm,2,2
enjoying my bed just perfect for me my teddy bear and monkey it,2,2
now this hoe bad,1,1
im not mad cuh hahaha suure tuku ho ita,2,2
good morning charlie,2,2
one of your side chicks came up k them bitches know where i live i be hiding from my cuz,1,1
im not gon ever be that niggah that hit likes on every picture but i get whoever i want period,1,1
dyke bitches kill me thinkin they really got hoes lol,1,0
to was a faggot crybaby,0,0
all i see is brunos bitch ass on my twitter now wtf brunos all that she sees drake voice,1,1
im getting sleepy and my phone is acting retarded,0,2
double stuff oreos mane say,2,2
dry pussy bitches always blame it on the condom,1,1
faggot,0,0
cute but i love her yellow raincoat the most the contrast with thatampher hair looks so cute p i love her face in your icon,1,2
hoes,1,1
bitch nigga miss me with it,1,1
i hate when bitches do that who are you talking to shit like clearly you be like bitch wit da red door hoe,1,1
depressed but i got hoes same,1,1
via charlie angus is sending in china canadian flag pins back to conservatives,2,2
a no brainerbut as soon as this bitch gets rich in political power her views will changepolitical whores,2,1
when your ex hits you with that i miss you bullshit lol bitch die,1,1
twitpic a selfie with light colored eyes,2,2
teachers call you a pussy for not doing senior skip day,1,1
makes a wise argument about the accelerated warholian notion of celebrity in the era of vine passing teens mock my old wrinkled balls,0,1
your mother looks like a toughasnails birdi see where you got of that from nice food too,1,2
yall complaining about thirst traps fr theirs models that dress just like that ass out and all stfu dont make you a hoe wtf,1,1
and world series rematch,2,2
all my gold is white not yellow,2,2
species of birds reported in chesterfield for the great backyard bird count how many in your area,2,2
im a boss ass bitch that needs to sit in a corner,1,1
charlie is so adorable,2,2
so hes a good football playerbut he still acts like a nig,0,1
cute dumb females trash,1,2
okay lets fight you ginger faggot,0,0
lmao soft ass nigga trying to act all tough you a little bitch sit down and watch from the sidelines pussy,1,0
i swear if oomf try talking to me tomorrow pussy,1,1
yall partners in crime thats my bitch she cant ride solo,1,1
rt stfu hoe rt im proud to be african american proud african americanim proud to be white racist,0,0
gave her that move it lil nigger push smh,0,0
ppl talk bad about the ghettohood but as a kid growing up a nigga had funnnnnnn,1,1
michael pineda hides pine taron his neck fact that the yankees cheat go red sox,2,2
games when im in how good is that,1,2
rt this girl comes into class with fried chicken and pulls hot sauce out of her purse i mean come on how ghetto amp stereotypi,2,0
lmaoo what a fag,0,0
views from the gon be instagram picture titles for a whilebrace yaself my nigs,1,1
there isnt one song on blacc hollywood i dislike except the song with nicki minaj because that triffling bitch sucks,2,1
rt kanye is best when a good piece of pussy fucks him over,1,1
smh u niggers amp ur music knowledge,0,0
go the gulls first grade should be a cracker physical,2,2
amp you might not get ya bitch back amp thats that,1,1
rt his balls ashy rt real women do this and real faggots let em do that smh,0,0
peanut butter oreos lt,2,2
these newly gay bitches dont kno how shit works,1,1
is the biggest faggot in the world,0,0
hardcore way to eat mac and cheese boil water snort cheese powder drink boiling water fuck bitches,0,1
rt bitch yass too soon,0,1
sure celebrate over billion bird deaths and blame it on you fuckin,0,1
that funky monkey,0,2
every slant in should be deported those scum have no right to be here chinatown should be bulldozed,0,0
i been to mushroom mountainonce or twice but whos countinbut nothin comparesto these blue amp yellow purple pills,2,2
nah girl i aint gon be able to make it its been tight since russ loss his job you in the back like damn bitch really,1,1
nah they let french montana spit trash at will,2,2
alfredo aceves in to relieve here in the th he needs to go away gas can,2,2
if you didnt have tattoos as a diversion for your bird chest and malnourished body sir your instagram would be trash,2,2
indiana niggah you can tell from ma muhhfuckin grammar i swear i got hoes with me just like im santa,1,1
a message for all of humanity charlie chaplin,2,2
up another pussy close up,1,1
got it thanks hun ima text u,2,2
x the yellow tower by gilbert claes,2,2
el negro,0,2
i dont know whats more stressful midterms or flappy birds,2,2
fitzpatrick is trash bruh,2,2
whatever neymar trash,0,2
can we revisit idea of two teams of playing against each other i would like to see a game every now amp then,2,2
dude fists his wife big pussy,1,1
oh ill make you some brownies alright,2,2
i wanna have sex with my mom fuck her right in that pussy where i came from damn you got hacked like fuck,1,1
are you working on route running and catching youll be a good wr for grier have fun with the white trash racist uf fans,0,0
the rich kids of beverly hills is trash and not even entertaining trash and why do they all look mid thirties,0,0
i like the yankees toinight,2,2
if you talk back to me you aint getting no pussyme,1,1
bitch foh,1,1
cant wait for more peds is that it roid munching faggot,0,0
finally got my medicine and crackers,2,2
ya nigs out there still saying yall dont eat butt with a straight face,1,1
foles vs ers in san fran or eli vs redskins in dc,0,2
this is a true ride or die bitch what the fuck hahahahah,1,1
im not from the ghetto,2,2
do this hoe wanna fight right,1,1
how i feel when im throwing trash away everyday in school,2,2
if ever sports seemed scripted this ending to this yankee game proved it,2,2
gas is always cheaper in the ghetto,2,2
rt vin scully once called me a camel jockey,0,0
peace fags just remember im best lux support na drop lustboy pick me and kakao up tsm,0,0
i knows yall white folk only be playin wit me i colored and i knows my place,1,0
knows wordsgt bo jingo dangle fan slang ho ting pang lick drum swing flick alarm bicgt but you cant hear fire can you,2,1
i heard thigh gaps is a way of telling if a bitch pussy is loose what,1,1
it didnt open das y i asked cus i thought yu ate wat i had pork chops yellow rice n beans,2,2
i used to picture him coming up the wadi to fob sharana with a barrel of brandy for me,2,2
who clothes in the dryer im tryna dry my clothes them hoes out,1,1
hey the law made it a felony to keep and collect the records get your facts straight,1,2
hairy florence shoves a dildo in her hairy red pussy,1,1
i want some clams on the half shell,2,2
all the seniors young side hoes gonna be at graduation like,1,1
hell ya they should make more malt liquor ads like this dis be heaven fo a colored man,2,0
shut yo bitch ass up,1,1
why not animal crackers i want animal crackers shaped like master chiefs and trolls and guns and shit thatd rule,2,1
if howard elbow bosh will bosh fight back dont have to got mcbob bird and ud,2,2
slow replies make me feel like a retard and i just want to put my foot through a wall hjhdyhdhlgjdftilh,1,0
fuck no that bitch dont even suck dick the kermit videos bout to fuck ig up,1,1
chill rt if i ever become president imma ban henny from america for a day just to see you negroes panic gotcha bitch,0,0
charlie jacobs got confused about the ice bucket challenge and instead dumped a bucket of diamonds on his head,2,2
bo violated usa sovereignty wopen borderjihadiscriminaldiseasedhaitianssamericans,2,2
they shot another monkey lmaooooooooooo,0,0
mo bitch the special ed darlene from backatown gn,0,1
how long are they going to let the fools in continue stop pussy footin amp disperse them by whatever means necessary,0,2
mo let some crackers kill their babies new black panthers hijack his presser,0,0
half yall hoes still got nut in yall baby hairs shut up,1,1
i wouldnt bring my girl around nobody but leo he the only niggah i know that wouldnt mess with any of the,0,1
she looks like a plastic monkey doll,1,2
this bitch gmfuyou huh huh lol,1,1
hmu talmbout match but when i pull up its other niccas wit ya,1,2
ladies if a nigga always wanna go out and party every weekend he basically side hoe shopping,1,1
ayo i even kill handicapped and crippled bitcheslook at my scalp real close and youll see triple sixes,1,0
rt if i dont get drafted for the squad we gonna have some problems drop the faggot jesus,0,0
it be so good to not gotta woyke in da moanin i da only colored dat woyke cuz colored folk be lazy and lives off da white guilt,0,2
happy hour time best time of da day niggas dont know bout them happy hour hoes,0,1
whoever had mr ramlogan for uwi business law tho racist mudda cunt,1,0
im obviously not talking about cod because that game is for queers,0,0
bitches be like messy bun,1,1
fran is a hillbilly virginia mountain man who has pres white anglosaxon beliefs,2,2
nips,2,2
rt hate when a chick say go deeper when u already dishin out all u got,0,1
i can hear the birds chirpin,2,2
tim tebow got cut from every team he was on in the nfl and he already got more hoes than me in starkville smh,1,1
i believe that you fuckin can punk nigga bitch,0,0
he aint shit girl a bitch made nigga,1,0
id like to rape the bitch that posted that,1,0
fucking slutforeal fuck dat bitch,1,1
fans is cody zeller nominating for this years draft,0,2
darkies dgaf rt gotta chill wit his yellow outfit man rt,0,2
thats why im partially glad that i have to say hi ho kermit the frog here to slip into my kermit voice well,2,2
fucking redneck queers and their game invites,0,0
but atleast they let me knowur a faggot if u keep those type of twitter secrets,0,0
uhuh what do we have your empty heart my empty bottle a yellow cab that you would like to catch cuz yo latest ex made u mad,0,1
youre being a cunt right now,0,1
bleed out hoe alexa,1,1
the doors the wasp texas radio and the big beat on,2,2
rt illegal alien is not a race its a crime,2,0
i didnt mock anything was asked i believed in noahs arc and said no how is that mocking any religion opinion thats all,2,2
look at my benz bitch ive been the shit,1,1
no i do not wish to spend to go to a filthy theatre and watch a fuzzy screen with bad sound,2,2
chicken fried steak it is boys mash potatoes gravy green beans corn an ice cream an brownies for after,2,2
rt i feel like tim ross is a nigger,0,0
he aint a real nigger oh my bad a real nigga but praise the sonsof satan for having not a realnigger qualitaties im hating,1,1
one of your followers with this somebody bitch if you dont,1,1
im gonna miss that bitch of a bus driverno you wont dont lie,1,1
ill give you a tip beware of the ugly birds who hide behind massive lensed sunnies,1,2
with dcyoungfly dirtymoney damn that bitch a bab thats a big,1,1
fuck all the heat bandwagon riders we know who you are u sound like the hoes mad they man cheated with a fat booty bitch,1,1
its also a bird a city and a math theorem i make no assumptions,2,2
fuck miley tranny looking now damn ass nigga,1,0
rt u hoes going to church this morning like yall wasnt busting it wide open for niggas about hours ago,1,0
i dont understand it theres trash cansdumpsters everywhere and if theres not just wait till you go somewhere with one,2,2
gorgeous rt calico maine coon cat,2,2
yeah its really far and its alright if you like living by a whole lot of hicks haha,1,1
lakers are trash right now,2,0
photos kate upton cheers on the yankees at last nights game,2,2
why why why why why aint kissing any bitch anytime soon,1,1
i cant play flappy bird it makes me angry,2,2
when you catch your girl doing some hoe shit behind your back,1,1
tracy morgan is a sad comparison come on try again dwight howard is the most accurate stupid monkey,2,2
you can always gets da colored folk back in da cage wit da kfc,2,0
you mean the niggaz i shot ill give you k if u let any nigga smell your pussy and it dont smell like shit,1,1
im soooooo tired of this dick dyke showing up on my fb feed real studs dont fucc niggas just be bisexual,1,0
latina chick gets her pussy pumped,1,1
aint nobody wearing those new westbrook jordans but mexicans amp trailer park trash white girls,0,0
yo bitch on my dick she come to my crib she get passed around no love,1,0
slut hoe whore,1,1
wayhustle come get signed bitch we self paid,1,1
you boney little hoe smile for the day this is funny,1,1
straight nation soccer champions wow,2,2
fuck you fag,0,0
trash,2,2
this was hung in the boys bathroom st dominic silly bitches,1,1
another season of retweeting every one of s yankee tweets,2,2
i dont een tryna be disrespectful when i say bitch its just a term like bruh or son,1,1
the facts on tattoostattoo hes a pussy with not tattooing them nipples,1,1
if she do then she gone die too i aint playin dawg bitches gone be ruthless then i will be too,1,1
i dont think he can beat mayweather but hes far from trash unlike floyd he actually put maidana down,2,2
you both sure do you want to give a free pass to every border jumper in this country you two are whats wrong here,2,0
charlie and ron has constantly put out heat for their entire careers,2,2
no i bitch and moan not tears,1,1
i need more beanies ordered two true religion ones lol,2,2
chad jordan in this bitch im crying,1,1
grr woke up ickblah congestion ew chunky bloaty gross missed the gym hr wait for the dr boo friday,1,2
ewwww her nips are def more perfect than that,1,2
gun sales have skyrocketed gun crime has fallen sharplyany claim to the contrary is using fuzzy math,2,2
i hate how some of you bitches come to school musty like how tf you walk out your house stank your mama aint shit,1,1
niggah niggah niggah dont believe me just wacthh,1,0
all these bitches getting mommy money niggas too,1,1
cool beaners,2,2
u still a mutt tho lol,2,2
the blacks in are typical niggers,0,0
happy cuz i woke up white and not a nigger,0,0
dropped a stack cause bitch im on song called dopedownload the mixtape here,1,1
dad just yelled out in bout to fry some chicken like a nigger,0,0
punk ass broke faggots,0,0
well bitch biology said,1,1
yall bitches switch a roo niggas who the hell,1,1
just saw ashton hardly anyone cared waiting for harry wtf bitch id be all up in ashtons grill you feel,1,1
he told the bitch stop texting my phone my shawty crazy he know,1,1
my pussy still fresh lt something stank girls say,1,1
that shade of faggot clashes with your eye color,0,0
bitch,1,1
lassen cc the coach wants me i feel it youll get more my nig no doubt,0,0
you never survive in da colored hood,0,2
would last mins if they let the president talk all that standing up clapping is for the birds,2,2
its goldbar dumb bitch and no my dad wouldnt pick you up he doesnt like faggots like you,1,0
i dont give a flying fuck what a teabagger piece of human garbage like you thinks,0,0
hugs or kisses hugs it gives you a warm fuzzy feeling,2,2
bout to get a breasts reduction these bitches be in the way serious,1,1
her excuse is when i die u can have all my gold i dont even like yellow gold anymore i gave her all of mine,1,2
youre the sole reason i come to that chipotle incase you didnt know keep up the good work babe,2,2
lets not forget the fact that everyone and their mother has yellow fever,2,2
he too rich to let that bitch get him mad like that niggas dont think at all,1,1
the you going have kill crackers amp their babies new black panthers,0,0
once fag you got pressed to the ground hang up your cleats n never put them back on or think about it,1,2
,2,2
ian hunter once bitten twice shy on,2,2
check out our th man even with all those faggot ny fans in the stands,0,1
whipped cream fisting,2,1
i spend my money how i want bitch its my business,1,1
god i would sell both my nuts to watch lebron tear his acl right now and watch all those pussies kill themselves,2,0
need to start mcbob because williams only shoot let him play with bird,2,2
oh yeah fuck that bitch,1,1
rt when you wake up to bae being a hoe on the tl,1,1
ran a good game with my royal niggah,1,1
im outside your house this bitch,1,1
would love the parkside sport girls dressed like kobe all day everyday let me see of them hoes,1,1
with putin pushing for land and china completely revamping their armed forces youre a fucking retard stay out my country,0,1
i still think snap chat for faggots and high schoolers,1,0
spending money on these hoes nigga you aint fuck shit,1,0
i am not a bitch i am the bitch so that is ms bitch to you,1,1
the nig is fun to watch got to admit ebola boy can speak broken spanish too lol,0,0
charlie daniels couldve done a better job,2,2
bitch thats ham on her face,1,1
altyd zo geweest hoe vaak men ook zegtdit nooit meerlozewoordenpuntjebijpaaltje vertonen z dierngedrag,1,2
international law enforcement operation disrupts shylock banking malware pcworld international law enforcem,2,2
you fck like a hoe so no thank you ima be classy when i do it bitch im dead,1,1
i hate the white trash cops who raped and murdered my infant daughters and son,0,0
fuck those faggots,0,0
omg i dont even know where kimlau sq isi would been likelook a bird then ran for the hills lol,2,2
oh my dogs pussy is so tight time to loosen it,1,1
i hear bill likes trailer trash like you,0,0
and i believe we all evolved or whatnot but i find it hard to believe that we all came from apes,2,2
im downloading you a new personality and ordering you a new face you bitch i love you goddamn it axl rose yelling at his sex robot,1,1
calling out teabaggers conservatives on their bs via,0,2
how long after the redskins change their nsme will all memorabilia wredskind name be deemef racist and therefore illegal any thoughts,2,2
people who are never happy and bitchnmoan of the time,2,1
lol thots be like rt only great thing these bitches can offer,1,1
bro i heard slaughter songs they all trash they just freestylers,2,2
yourself faggot buy a dictionary,0,0
dis hoe bri will fuck up a wet dream pop up in the dream like,1,1
elissa would call me trash vile etc,2,2
yo bitch on the horn tryna shoot a porn thats t shirt worthy tony,1,1
boys still got birds in the cage lol,2,2
woaaaahh that coat though lol too warm in that hoe,1,1
im hungry,1,2
traded in my nikes for a new mic i guess its safe to say he sold soles for his new life bada,2,2
fuck a dats my bitch not my crush,1,1
how do you know my twitter password bitch please,1,1
i dont ever expose females like that thats childish bitch nigga shiiii,1,1
lmfao this cat started beating the shit out of me my nigga finally got some pussy my nigga,1,1
how u gone bring ur side bitch to a game where you know ya gf friends at i swear,1,1
im seeing more amp more niggers migrating further up liberty rd smh,0,0
well ontario is like kind of a dump now that the ghetto moved here since its cheaper to live here so,2,2
as soon as we left iraq all these towel heads think they can fucking barge in and take over what we worked so hard to set up pisses me off,0,0
if she buys you a tattoo wife that girl this bitch,1,1
anyone who came to the us as an indentured servant is white trash,0,0
sometimes i hate az amp sometimes i love it depends on the time of year i guess amp the dumb bitches that live here,1,1
why u cant just love because we dont love these hoes,1,1
when i took my likkle monkey jimmys,1,2
cowboys win games during the regular season but when they get to the playoffs that trash af lol hating ass nigga,0,0
alarm set early bird n all that night all xx,2,2
homemade angel food yellow cake with halfinch chocolate frosting devils food to die for pecan pie,2,2
got my vans on my pockets chunky,1,2
how you make a salad and have no vegetables on the bitch give me a break potato salad,1,1
ohgtgtgtgtgt so thats the bald bitchltltltltltltlt,1,1
someone let me know why drake so cold he my favorite rapper this niggah hard,0,1
shawty wanna charge for pussy but im like whoa now turnt her on to cash she use to fuck for free,1,1
stills get no pussy hes jus being rational a fag,1,1
them wet trav see if they got them hoes in cali i will send you my money,1,1
go be cunt somewhere else,1,1
she was always a pathetic mutt desperately seeking attention amp a purpose no matter what jp writes that will never change,2,2
if you dressed up as a cat for halloween you are basic or a pussy,1,1
fag,0,0
figure all da ofay like to see my family pitcher,2,2
lmao my bitch was listening to gospel music w liquor in her hand weaaakkk i was crying,1,1
your relationship ended not your life stop being a whiny bitch,1,1
rt horrible rt invader zim was trash,0,0
damn well joe that move to the bullpen really helped,2,2
i know right get one guy out man you had one job josh outman,2,2
hba trash,2,2
lol cause these hoes love me,1,1
my nerves are being worked cos of my monkey,2,2
well dirty bird could be just a middle finger since its the phallic giving the bird not necessarily a wobblewibbler,2,2
fuck you tonyyou greaseball piece of shit,0,1
this guys company had best year everunder obamaconservative teabaggers are scum,0,2
i want oreos who can help me,2,2
rt niggas talk more than bitches these days,1,0
its time amend th amendment it was written to protect newly freed ex slaves its lived its purpose time to end anchor baby loophole,2,2
im jakes bitch,1,1
these hoes aint loyal no they aint,1,1
bitch freak my shit,1,1
rt if her hair is hers she will hit you with a bitch i bought it so its mine,1,0
i dont even need a picture of tamar that bitch is beat in every picture,1,1
hell naw rt i wanna see this yes lol as hell,1,1
i didnt make to any games last season just looked it up astros open up with the yankees st of april,2,2
only faggots drive stick,0,0
why u being such a little bitch chris you aint six bitch allisons mom,1,1
oomf so fuckin fine tho dam her dont be no bitch,1,1
fight me you fucking obese niglet,0,0
naw rt am i the only one mad that espn gonna be talking about faggot ass penn state all week,0,0
fml my period on cant pop that pussy now huh,1,1
we raided nickis wig closet for the summer bad gals just wanna have fun this bitch has the a nerve smh,0,2
just because tony romo at the mavs game dont mean he still not a bitch lmao fuk them cowgirls lol bitch fuck you,1,1
pass the fosters faggot,1,0
i get a pound bag of dawg for the mutts,2,2
only white trash watch football,0,0
i wonder how many yankee fans are hurt that derek jeter is out until after the all star break lmao,2,2
i made out with bitches,1,1
the song about pollo hermanos and heisenberg,1,2
someone gave me a nip of baileys irish cream coffee what can i use it withsuggestions,2,2
i thought she was albino tho,1,2
ima trash in fantasy,2,2
dumb beaner,0,2
clam it,2,2
on the road perfect way to continue after have finished,2,2
well since you is blood you get a g pass but only this time and i wont tell wop about that lyric situation,2,2
idiotic censorship drive by president fails to understand that hes empowering jihadis by censoring the internet wholesale,2,2
yeah texans are so much better you fucking retard i see that youre mad about this,0,1
can i double stuff your oreo,2,2
torch down the drain cause either i was to high and lost it or one of my niggas finessed that hoe fuckkkkk ittt,1,1
i dont likes dat magazine all da black folk look like dey one chromeasome away from da ape,0,0
if mccoy wasnt trash thats a td,2,2
merry christmas hun,2,2
i may have just cried a tad shiner,2,2
weve tried each time we go he just sits there in silence and i cry like a bitch and sweat,1,1
ltlt closet muzzie,0,2
i cant handle no liquor but these bitches cant handle meeedd chief sosa,1,1
phillip rivers look like he almost wants to call dude a nigger for that bad play,0,0
dont stop now half breed im just starting to learn about what makes you a dumb ass,0,0
foley abduction linked to british jihadi kidnapping ring via,2,2
yankee,2,2
are you asian black hawaiian gay retarded drunk,0,0
for the eggs sunny side nicca,2,2
asains had to take the wu tang clan the draft was suppose to be for half breed like me and,0,2
when you live this gay you cant be afraid of two black dicks in your butt you fucking queer,0,0
when hoes feel like their photo didnt get enough favorites thats me thirsty ass,1,1
i love watching birds migrate wish i understood why its such a peaceful sight,1,2
thats awesome,2,2
money getting taller and bitches getting blurry,1,1
roberto you are one nasty hoe,0,1
true nothing shuts up libdog bitches who like to bark at anything thats calledpreaching the truth,1,1
im just saying its not like you were up against a birdeating spider or something bet coulda done it,0,2
how young is this hoe with a mampm pillow,1,1
ew queer white thirsty bitch,0,0
are we bitches,1,1
all da white folk off twitter yet da colored tweet at night while yall sleep cuz you gotta woyke tomorrow,0,2
you old bittersalty ass niccas make my flesh crawl off my bones such bitches you are,1,0
groves is trash imo,0,2
i know my shoes dirty as fuck whatever bitch you dont have to calllike negro one of the first things they look at is shoes dog,1,1
youre racist against white people whigger antiracist is a codeword for antiwhiteantizionist is a codeword for antisemite,0,0
i never really rocked with the white sole i feel ya bro but these my favorite foam of all time,2,2
hahaha chunky goalkeeper makes a save with his stomach,1,2
let me make a couple tweets off cuzzo page so i wont get in twitter jaillmao bitch dont trick me again,1,1
finally got an updated pic with angel wing colored,2,2
rt swear to god bitch im bouta delete my twitter account,0,1
must have run out of brownies,2,2
baked montreal chicken cheesy brussels sprouts garlic butter triple cheddar amp chives yellow mashed,2,2
already more yellows than the last years combined,2,0
pussy licking pussy meow meow,1,1
fuccccck that was ma niggah from cali swag rip jayare,0,1
rt this vine still funny as shit to me many niggers are in my store,0,0
shit ill pay the premium to get away from these anything ass hoes,0,0
always thought golden oreos were the same as original oreos but oh my god i just climaxed,2,2
uncle tom hypocrite,0,0
michael sam being cut further proves that we fags dont belong in football or it is a heterosexual sport for heterosexuals,0,0
i would but i got dat new monopoly wit da cardsill hold it up n see if a hoe will let a nigga swipe on credit,1,1
i cant remember all the girls ive smashed on god shit not technically it takes,1,1
rt nope thts not wht it says here rt im not a hoe im a people person,0,1
that dumb black bitch that was getting the cards for the picture made me so fucking mad she ruined my day,1,0
yeah shes a real pom maven,1,2
rt brees been trash since this,2,1
like i said i might have to check but im just not sure bird shot counts as getting shot,2,2
i remember laying on a hospital bed after being shot ranting about how coconut shrimp was trash,2,2
my bitch,1,1
das calld usen yo brain retard y would i whoop yo ass n front of da police,1,0
anti american republicans and teabaggers stop forcing ur religion on the rest of us stockman u dont prayliar,2,2
i aint got no type white bitches is the only thing that i like,1,1
eda the queers at aa lol,0,0
damn rt when ya side hoe claims you as her boyfriend,1,1
lol haha hahahahahahahahahaahah deez nuts bitch,1,1
your opinion plz when election over will there be any improvement or will bo still be allowed to trash america,0,2
yassssss ordered chinese bitch you just ate tacos you fat fuck,0,1
my brother is a bitch pussy faggot etc you just like getting beat up dont you,1,1
niggas be pressed for pussy eeeeeen nothin,1,1
last year i had to explain why queer theory is the acceptable academic term,2,2
unexplainable,2,2
rt miley cyrus pussy probably taste like wet dog she has a negative ass and the bitch looks like justin bieber she so ove,1,0
golden oreos regular oreos yes,2,2
big booty hoes everywhere sheesh damn,1,1
happy happy helloween helloween whoa oh whoa ho,2,2
only rich white liberals know whats best for black people if they dont see that theyre obviously uncle toms,0,0
rt kill whitey,0,0
shut up bitch for i spit on you,1,0
and if you aint a hoe get up out my traphouseeeeeeee,1,1
he promised to stand with the muzzies so,2,2
rt if you snipe youre a fucking faggot i fucking hope all of you snipers get fucking raped and suffer from cancer,0,0
trash smh game rigged bumgarner took roids,2,2
rt jessica im not afraid to slit your throat tomorrow,2,0
i miss my monkey,2,2
trust me when i say that would be killing if he came back to life in todays day and agegt,2,0
we should hang out ovenjew have a lot in common people waste time on nigs jews r r problem,1,0
iont got no type bitches is the only thing that i like im just living life,1,1
hoes thnk they won when the nigga thats ridin the fence start givin them a lil attention what u won hoe a wishywashy ass nigga oh,1,0
fuck ass redskin corners,0,0
yaoooooooo mawnin yardies,2,2
humanity really needs to get past this whole slow down and stare at the scene of an accident ape mentality we have,0,2
rubs hands like bird man,2,2
anything to trash this black president,2,0
i do not like talking to you faggot and i did but in a nicely way fag,0,0
im driving myself insane,1,1
money only impress the simple broke bitches,1,1
were laying rock around our lake youre welcome to join a redneck workout,2,2
i wonder what charlie brown would have to say about these days,2,2
charcoal s are preowned no sole wear or scuffs size cherry s ds size,2,2
ratchet hoes,1,1
i dont have hoes,1,1
yeahi dont think its about i think is about and in,2,2
two of the best yankees derek jeter and joe torre,2,2
and bitch you must be lost,1,1
im just a sarcastic lil bitch who loves to sleep and eat,1,1
every spic cop in has raped or has thought about raping a white woman thats why those halfbreeds get jobs as pigs,0,0
i am one proud hillbilly,2,2
bald head bitches think its their time to prosper,0,0
i have never seen such ignorant illiterate pieces of shit in my life bring in natl guard amp disperse this trash,0,0
i hope the trash i talk abt poor product doesnt hurt my chances of getting hired as a legal correspondent i was jk cnn,2,2
this charlie z really does need mental help check this out,2,2
people who go to church in hollywood ca are all white trash filth,0,0
carne asada gallo pinto tajadas verde queso frito and a salad with milca,2,2
i want affection but i also want to be left alone do you see the issue here,1,0
dont you mean crowd not crows,2,2
garys girl was a tranny rt i wonder what would have become of if hed written garys girl,1,2
im just sitting here waiting for twitter to explode once this yankees game ends,2,2
did you say spray tan charlie crist switches back to republican,2,2
ultraviolence video its coming you little bitch lana del rey bitchy promo,1,1
cheers dude might nip to town for,2,2
craving brownies,2,2
if only i dated a girl that lived off mack road i could just get the holy trinity of sacramento ghettos on a daily basis,2,2
wha me im just waiting for showtime to bring back queer as folk,2,2
jesus i would love to do that and more to those muzzie torturers fucking animal savages,0,0
rt being a nigger isnt a color its a state of mind,0,0
im already tired and mr stupid af decides to show us a video on trigonometric notions so um yeah i just wanted to say youre a hoe,0,0
celtic means white trash if someone says theyre celtic it means theyre white trash,0,0
brandon jennings trash,0,2
the worst terrorists are republican teabaggers,0,2
fantastic ready for tomorrows sweep of the disposed os ever except this month,2,2
my baby pussy,1,1
first key club trash pick up with the freshman,2,2
cant stand a playin ass nigga,1,1
you tall tree ass females be talkin bout catching feelings bitch you need to catch this touchdown,1,1
boot up for u hoe niggas so girls that take bc are hoes,1,1
thharmony user followed then unfollowed me what a prude ass hoe,0,1
got chunky marmalade today of a greatful customer for my service over the past yrs,2,2
from jihadi streams rutba anbar province,2,2
i said i dont like it it tastes like wolf pussy what how do you even know what that tastes like,1,1
sad knowing that most hoes wont fuck with you bc you aint got stacks wait till friday,1,1
hella just ordered me some beanies,2,2
someone recently told me that a local yokel was going to use my twitter account to damage me so yeah,1,2
i see so you feel betrayed your racism comes out shocked you didnt call him uncle tom you bitter loser,2,2
hickies in between her thighs right by her pussy gtgtgt its only right,1,1
i love wearing fuzzy socks to work,2,2
ugly nigger,0,0
burnating all yankees and their thatch roof cottages,2,2
i wouldnt trust a male cheerleader all cuz cimarron got one amp he got allll the bitches,1,1
congrats youve turned a hoe into a housewife dont get shitty when your guys start singing they hit it first,1,1
i know im a hillbilly but is there anything better than a big pot of beans and cornbread little hot sauce on top,2,2
uhoh you got the hoes lol rt yall i found this letter on my car naaah,1,1
niggas sleepin with bitches grandmas lmfao maury fake af,1,0
i swear to god nigger you better still hang with me before work you got my hype,1,0
on top of that she just a pregnant ass sorry hoe aint never got no money even her water broke,1,1
karmas a bitch and so are you youll be getting along just fine real soon,0,0
i find it funny when fags write looking for bf on a grindr ap lol thats a fucking ap dumbass,1,0
this nigga jerry room smell like bad pussy,1,0
rt fuck the islamic state we will kill those cunts,0,0
all people ever do on twitter is bitch get a mother fuckin diary,1,1
faggot ass bitch nigga,0,0
i aint complaining about the royals win or lose game they showed heart al ride or die no flex zone they earned it,2,2
rt if i was obama id call a press conference amp slit joe bidens neck on live tv just show these crackers i mean business,0,0
what these bitches want from ah nigga,0,1
entertain a flirtin ass niggah if you want too thats gon be yo niggah friendly ass,1,1
rt man most of you coons couldnt jus up in quit yo job if you found out ya boss racist so shut tha fucc up niggas love,0,0
fat dykes make me want to vomit,1,0
done for the yankees,2,2
i dont hate that he blew up from like a hipster but i hate the faggots who say they love his music based off his worst,0,0
oh yeah and the annoying damn duck calls they outta be banned duck horns,0,2
i hate when black people try and be white so bad your a nigger,0,0
yeah one called me a race traitor lol,2,2
holy shit freddie highmore was in charlie and the chocolate factoryme rolls on the floor laughing,2,1
nicolas cage unrolls dusty secret scroll it says here james madison was a whiny little bitch,1,1
if yer gonna continue to be a contrarian bitch go die then ive no time for such trifling,0,0
ur not sassy white trash change ur username,0,0
adam west rt lmao this is trash b,2,2
i was told never fold amp never sell my solethey should have told yu stay in school soul autocorrect hoed me,2,1
bitch who do you love,1,1
that hoe gone jam watch if you aint throwing ass bitch fuck out the party,1,1
if you a hoe ima treat you like one just like if youre a good girl ima treat you like one i dont discriminate,1,2
i surrounded my bad bitches i cant keep them out my face,1,1
everything look better with a bitch next to it,1,1
kanye might be the first nigga to successfully save a hoe this a original tweet,1,1
jus meet son now he ya mane ass bitches,1,1
rt whore slut cunt bitch nigga,0,0
oh no sorry hun that sucks hope you heal fast,2,2
at the end of the day they call yo dumb ass monkey pickananny hoe but u luv them white devils,1,0
wheres my bitch wit my sammich then,1,1
faggot,0,0
fucking gook,0,0
just demolishing this huge bitch is caring,1,1
all that trash talk and we win championships youre boring me dude,2,2
will convince u that is a lame you a nigger liver believes it cuz you a nigger whore,0,0
only lesbians get their nips pierced ew,0,0
when she ask how imma eat her pussy,1,1
told my dad to go buy cookies for the graduation receptionthis nigga bought oreos,2,0
rt can we please stop talking about how some scumbag faggots mugshot is sexy you dumb whores,0,0
better then ur whole team,2,2
lookin good mick,2,2
i been kidnapped yo bitch,1,1
rt smh nigga is mildly retarded rt lmfao rt if griff wasn injuries we legit be,0,0
is full of white trash,0,0
heard that bitch gtta thang for them boss niggas,1,0
trash,2,2
go to sleep bitch,1,1
rt well maybe youre a whore you stupid ugly homeless bitch,0,0
i learnt about birds as a child best time to learn,2,2
here we go brownies here we go woof woof,2,2
lets get drunk get blowed spit shit spark blunts amp fuck hoes bro white dudes have no chill,1,1
you be totally correct anthony can be livin round dem colored folk day be bringin down da hood and dem propery value,2,0
have you hugged a wackobird today,2,2
no one likes i n d i r e c t ass bitches,0,1
you was with the bitch with the fat ass way to live when u young that shit gonna get old tho and have a lot of dents in it,1,1
you call house nigger and shes the racist fathom the hypocrisy in that statement,0,0
sings i killed that pussy she died with her eyes open,1,1
highhhhh watching dawn of planet of the apes,2,2
get some head off twitter now niggahs thats bracken ima baby momma killa yo bitch she can get it you,1,1
i prolly leave up out this bitch with my cups in my hand and yo hand in my other hand,1,1
apparently i got chunky for my bday worse bday present ever lol,2,2
republican teabaggers should be jailed for treason,2,2
raunchy ass hoe,1,0
so a man who is a pussy and a coward overpowered you and easily took what was yours you are clearly much less than a man then,0,1
yankees will never have someone wear a single digit uniform again after this season wow shows that is an epic organization,2,2
currently being hit with the jig word,2,2
my tweets trash,1,2
group chat bitches we call yall undercover feds watching everybody,1,1
rt mcnair had brisket sizzlin on the grill when his side hoe laid the uzi game down,1,1
international law enforcement operation disrupts shylock banking malware pcworld international law enforcem,2,2
had that yeah i kno she pussy whipped that other nigga into putting a ring on it,1,1
ayy carlton is a ghetto school now,2,0
shut your dirty dirt trap you limp knees ashy footed blue balls isolated hamster wheel no nipples bitch,0,0
so you still rather have trash ass geno smith than alex you sick man u still cant tell alex sucks you blind man,1,1
i feel sorry for whoever using alyssa number to play phone games dumb ass hoes who aint got a life,1,1
i grew to hate blonde and primary colored weaves but that wouldnt stop me from requesting some good mouthwork,1,2
lmaooooooooooo this nigga ltbitch want likes for some depressing shitfoh,0,1
gay fags,0,0
wassup you outta order,0,1
haha imma catch ebola trynna keep myself warm lol ewww bitch well stay far away from me,1,1
rt lmfao rt if you watching porn amp beating off amp yo homie text u amp it show his name in the banner youre a faggot,0,0
lrg ass nigguh,0,0
tom brady slowly becoming washednah his weapons just trash,2,2
i dont understand the need for multiple autopsies i guess theyre going to keep on until they can slant against the officer,2,2
its all about you and white conservative teabaggers you all make the world go round please be our rulersstockboy,0,2
naw bryan said it was trash hotel so were staying somewhere else,0,2
why do so many filthy wetback halfbreed spic savages live in none of them have any right at all to be here,0,0
im the bitch okay nudes pat wow,1,1
beer queer,0,0
rt jennas a faggot,0,0
i got my eyes on this red bone,2,2
harlem world trash interesting,2,2
bitch you gross as fuck touchin them saggy titties,1,1
probs that fag vhia,0,0
good pussy have a nigga like funniest thing ive ever seen on my tl,1,1
hes still a pogue though,2,2
i forgot youre the same bull that said yeezus was good and that jcole is trash,2,2
kit kat brownies making,2,2
idk you into mouthy spics on welfare with kids and baby daddys,0,0
all i wants is to represent da life o da colored man,2,2
adult human skulls found in trash,2,2
i didnt buy any alcohol this weekend and only bought fags proud that i still have quid tbh,0,2
its my birthday yesssssobviously nobody cares bitch,1,1
ho no without ur vote we lost the election ak is taking oath as pm today,2,2
lbs aint thick bitch you a fucking warthog,1,1
this nigga know damn well you a coon,1,0
girls that wear colored jeans,1,2
old hoes a ponk and a dyke outchea having girl talk,1,0
girl you eat mo pussy than me girl you shoulda been a nigga thats that jam,1,1
woof woof sexy thug boy scally,2,1
niggers rt before any moves are made my black ass must take a nap,0,1
rt shut your nigger ass lamar,0,0
robertson in guy is fantastic sec pitcher,2,2
this is my female grand champion jesse she heard a bird outside,1,2
thats because theyre possibly tucking a penis this bitch got man boobs,1,1
rt while the men will often be rambling and retarded the women will appear trashy and tipsy lawless and lustful,0,0
im fag,1,0
from the espn yankees game recap the sellout crowd braved degree temperatures lol what thats not weather you struggle through,2,2
best asian massage on the park slope top rated spa,2,2
cant worry about a bitch that aint worried bout me,1,1
if you aint got shit goin for ya self what bitch gone want you,1,1
dont mind black peoplehate niggers,0,0
it would be pretty cool if i got to see more time before i go back to hillbilly town,2,2
yeah sorry monkey team just keeps kicking ppl waiting for muh pizza,1,2
u need to be in someones church negro absolutely right but i work sundays but still no excuse,2,1
woahh ahha i remember her from charlie and the chocolate factory who do you think killed lucy i think it was abby,2,2
im okay with rasor talking trash,1,2
getting off twitter jigg trynna stress me out more i dont need this type of heat,1,2
do you think all the rice fags are at mcdonalds,0,0
thats actually nonenglish because are filthy white trash who are all criminals,0,0
post a picture of that pussy get likes,0,1
she drippen vanillaaaaa she know im the pussy killaaaa,1,1
youre a faggot if you use the cover your face emoji,0,0
dont you ever give my pussy away you keep it tight alright,1,1
your opinion is irrelevant because you a cunt,1,1
hey fans is this a good score,2,2
rt stop flattering yourself bitch the only fan you have is on your ceiling,0,0
always tryna degrade girlsampshit when reallypussyampass is almost all yall think about so shuuutt iittt sometimes,1,1
at all my ritz crackers idk what to do with myself anymore,2,2
and red sox are scoreless as we play in the nd inningthe bambino is watching,2,2
as chanice say that i realize the coons move from drinking moet to belaire all yuh feel all yuh so fancy with all yuh champagne eh,2,2
who wants to get there nose in these bad bois then hot sox and legs,0,2
when im done with a hoe i pass her to the squad g,1,1
rt i go to take the trash out and a darkskin nigga stole my damn garbage,2,0
dont worry about the nigga you see worry about the nigga you dont see dats da nigga fuckin yo bitch,1,0
so hoes that smoke are losers yea go on ig,1,1
what would yall lil ugly bald headed bitches do if they stop making makeup amp weave,0,1
okay cool then im not the only one mine is black and fuzzy and it has pink on the back in all sparkles hallelujah,2,2
def not cowboy lol rt terrell owens was the best eagle amp cowboy ever dude cried like a bitch on tv over romo,1,1
charlie day,2,2
niggas bitches bitch ass niggas dike ass hoes black ass and bright ass hoes fag tags and scally wags,0,1
hes just a friggin idiot that can say anything and his redneck teabagger constituants buy it they love stupid people,0,0
been a coon grew up with bokoo coons tho but never was i did some coon shit tho,2,1
honestly thats where im the most retarded and is why stuck as artist hoping for a fair dealermanager situation,2,2
rt nah i hate white people now since he looks like a dyke rt i think he just ended racism,0,0
upload our pictures wat pictures bitch,1,1
apparently im a honky pfft like thats a bad thing,2,2
fugly loose hoe,1,1
exactly by folks who cant favor to get into that lovely old stadium,2,2
when twitter rappers dm me their trash links,2,2
you lucky ashit if you got the shawty you want a niggah just tryna keep her,1,1
how many fuckin fags did a even get shouldnt be allowed into my wallet whilst under the influence haha,0,0
ima show my ass tonight i can feel it i was thinking the same shit bitch,0,1
ill ask you same question do you support border jumpers do you support illegals,0,2
you better pipe your pussy down over there wth does that even mean,1,1
but i need a bad bitch thats hotter than me might be the realist shit partynextdoor ever said thats how i be feelin everyday,1,1
my pops is from new york my family is yankee obsessed my sister literally cried when she heard he was gonna,2,2
i like my gross yellow heat lamps why,1,2
gotta bad red bone that look something like ashanti,2,2
almost got to see a white boy get beat around today but he ran like a bitch,1,0
youve been talking trash since we were and,2,2
grand opening top class oriental massage perfect,2,2
simplyaddictedtoguys woof woof hot scally lad,2,2
hazlenut coffee and graham crackers every morning,2,2
somebody couldve been like aye man you dropped your money but nooooooo fucking broke faggots selfish bastards i hate yall,1,0
if some one isnt an anglosaxon protestant they have no right to be alive in the us none at all they are foreign filth,0,0
cant stand that faggot,0,0
for the record but dont care who is unless i gotta see it same with every sexuality even birds dogs what not,2,2
ghetto names,1,2
rt if you aint bout that murder game pussy nigga shut up gang,1,0
or if we pick you up in sc and take you with us nip to cr,2,2
its a bird its a plane no its peter walkin on air byers,2,2
sexy bitch hope she bout it,1,1
my advice of the day if your a trannygo fuck your self,1,0
my anaconda dont my anaconda dontmy anaconda dontwant none unless you got goals hun smh white ass niggah,1,1
rt all deze hoes got past demons in em yolo nigga lol hahahahaha,0,0
i want to go to the pumpkin patch but the love birds will make it a date and then the rest of us will be uncomfortable,2,2
cinco shit harder fucc niggayee but you fucc wit rich homie cuz dats ya homeboy fucc nicca,1,1
waaaaittt niggah holllllup these niggahs come to town start wifen my old sluts,1,1
so was slavery prohibition and not letting women to vote segregation jim crow laws etc etc i can do this all day lol,2,2
y u not on the monkey bars too lol,2,2
fuck you faggot,0,0
u hella gay u never did quit subbing fag,0,1
i might fuck around and fuck yo bitch eat her ass when your steal her so youll be a real ass nigga,1,1
the devil grows inside the hearts of the selfish and wickedwhite brown yellow and black color is not restricted,2,2
rt i would rather fuck a fat chick than allow a nigger into my house,1,0
well im going to sleep fag,0,1
you are hairy like a monkey p,0,2
rt idc what phone u got lol silly nigger,1,0
soft shit are you handicapped or retarded,0,0
best behaved kids ever at mommys commercial audition oreo mcflurries for everybody,2,2
focus on the that knocked you out last year and not your hatred of the for umteen years lol,2,2
omg no plz stop calling me an idiot are we in kindergarden you fucking faggot,0,0
im so dead why you hoe me idk i just felt like flaming you lol,0,1
nothing like waiting till the last game of the season to peddle it shit website,2,1
thats ghetto,2,2
this niggah be lying,0,1
the nations know who we are but we rather be real niggers amp bad bitches,0,0
maaaaannnn i hope so rt did we get rid of john legend looking charlie batch,1,2
all i want is bitches big boooty bitches,1,1
bad bitch with me wonder where my manners go,1,1
ok my texas bitch keep textin me callin cryin stressin me askin me about where i been but i been with another bitch allegedly,1,1
rt every girl got a and fake gay til its time to eat sum pussy but im not me lol,1,1
chance is trash,2,2
really does talk like a buck nigger,1,1
is running around town delivering food to people if he takes out the trash too he is the perfect boyfriend,2,2
is now tweeting from a tabletballer bitch,0,1
enjoy off tickets with our code and check us out at booth vegan brownies samples amp more,2,2
bu i do i do hate the playa and the yankees if i hate the yankees for their payroll i have to hate the dodgers,2,2
ight nigga haha fucking queer has to clear his schedule,0,0
i feel utterly retarded thanks big brother,1,2
hey fans if anyone is wondering what the yellow tab on the back of the collar for its for teams that have won a champion,2,2
rt i stopped caring about mcm when i noticed dykes where getting chose before me,1,0
lmao it bel ike that nowadays,1,2
i can jig but i cant jig jig like that new jigging got so much in it that you could do you really gotta be in shape for it,2,2
lesbian girl eating pussy,1,1
golden oreos are the best,2,2
sir please go text your mexican bitch because im not finna deal witcho childish ass,1,0
according to my brothers ipod its december if so i predict that mickey mantle of the ny yankees will announce his retirement march,2,2
bro my birds stay having sex its on a daily now said look ma no hands,1,1
i just want panda express panera big booty hoe,1,1
when you gonna take me out rt some hoes not gonna let you come over until you spend money on them,1,1
has to be version,2,2
baby albino,2,2
these hoes be playing w me like i wont send baby cain at they niggah messy,1,1
niggahs stay thinkin i want they girl not nevvvvva niggah,1,1
niger,2,0
youre reading you coon,2,0
fucking white people bitch wut,0,0
in fact were i to start a forprofit university this would be the sole requirement for graduation,2,2
did twitter ever get you pussydick,1,1
rt lmfaoo never i be dolo i dont got no niggas amp for my old hoes fuck all them,1,0
i wonder if the girl that gave head to boys for a drink in magaluf has twitter she probly sends nudes for fags,0,1
rt when youre trying to relax but your pussy is shooting out light beams,1,1
you fucking pussy you couldnt even beat your dick angry youtube comment,0,1
ima keep on giving these pussy ass niggas ah reason to hate,0,1
rt this faggit bitch tried to say she hoed for hd bearfaced bitch yusa fag,1,0
south central niggahs really dont be lovin these hoes these hoes dont be lovin these niggahs we just be,1,1
yeah you right and you know them mexicans bringing all they family that hoe finna be packed,1,0
he wanna be my nigga but im just trinna be his savings account omg imma funny ass bitch man but thats real shit,1,1
jk id fuck a dog before i fuck you fish pussy,1,0
no bitch hurry up lol so hungry i cant focus,1,1
happy birthday nigs thanks yo,1,1
here to all the kids who have never found their name on anything in a souvenir store thanks mom for the ghetto name,2,2
i went outside and got mad bc this weather is trash,1,2
fuck that hoe thats exactly what dese hoes doin gettin fucked nd yall niggas the one to blame,1,0
hoe what its hitting for,1,1
damn you directtv blackout the yankee game with a freaking walk off youre killing me satellite douche,2,2
shall i compare thee to a summer day no a summer day is not a bitch,1,1
i really want a sports star to get a pet monkey and name him achilles,2,2
i play soccer cheat on girls and wear khaki coloured cargos haircut yes lmfao,2,2
amp what we do with our foolish proud selves roll our eyes pretend that we dont see mock or laff at them arrogant attitudes,0,2
no slushes nasty anyway fam hoes taste like meds,1,1
i took rebel vs yankee tests questions accents word usage and scored a total of rebel vs yankee in southern pa,2,2
go yankees,2,2
going up to the view point and seeing star child what the monkey,2,2
days til christmas bitches,1,1
im not a liberal amp i support changing the name it transcends standard political grandstanding,0,2
who is she rt yall hype that bread loaf chick up but im a chill a dyke rapper,1,0
fuck you niggah you gay lol,1,0
all the bad bitches,1,1
not trying to follow any spooks no offense,2,0
yall is coons n uncle toms,0,0
i talked to some birds i fell in love again,1,2
shit your ass and shabbat your moms pussy u jew bastard ur times coming heil hitler,0,0
stegosaurus hissed like a snake pterodactyl sounded like a crowtrex like a cross between a parrot and an elephant,0,2
well we all know victorias secret nowyea and we all the cocoa puff bird fucking,2,1
rt jameis winston is a nigger,0,0
if you dont have your read receipts on you a bitch the bitchyest bitch ever,0,1
a yellow jacket landed on my mouth and stung me while i was cutting grasssafe to say he won,2,2
cause youre a sexy bitch,1,1
i need to pick between two wigs the agony my cute multicolored bob or my red stevie nicks curly one,2,2
if amber rose can rock a bald head and a bald pussy then motherfucker so can i,1,1
fuck red malone man bitch ass niggah could you please use complete sentences,1,1
lmao omm you see the bitch tryna act like she aint feel it ahaha,1,1
lmfao go to bed whitey,2,0
amos can two walk together except they be agreed,2,2
god damn zebras every virginia possession the whistle blows geeze,0,2
when a pussy nigga socks you and doesnt knock you out,1,0
my favorite time of da day happy hour the bad bitches come out and the ok hoes at home doing makeup,1,1
ding ding ding sagittarius trash,2,2
people always asking me what im mixed with she a bad asian bitch lol,1,1
baby ill whisper vietnamese to you all soft like ching chong ting o long,0,2
watch women try to argue with me like they have a dick and actually fucked some pussy before i hate when bitches do that,1,1
same hoes is still at it i shouldve known,0,1
you wont have to herd for hoes no more lol lmao i hope not this shit schressful,1,1
lads being lads fuck yeah i love scally lad action hot trainers too,1,1
he may be the president but that doesnt necessarily mean hes in the sole position of power in regard to making such decisions,2,2
white trash okies dont count as real white people to count as a white person you have to count a person okies arent people,0,0
oh but those last few that did charlie wilma jeanne,2,2
town at a movie with friends i stabbed a nig times and got sent to prison justice,1,0
i have no clothes that make me look like a redneck but i tried my best,2,2
ion eat cat what you gay for then,1,1
interested just wanted to see a better pic of the soles,2,2
bruh bruh that bitch aint loyal,1,1
faggot,0,0
bitches tryna take all my money g,1,1
my momma aint raise no hoe,1,1
hoes austin teach us austini teach u how to get curved thats all i know,0,2
amos there are those who hate the one who upholds justice in court and detest the one who tells the truth,0,2
rt,0,0
foh rt rt good pussy dont neva get tired,1,1
quickscoping trash take of the tony hawk setup and play normally thats not what snipers are for,2,2
i dont want arod back,2,2
dont follow the astros they said theyre trash they said well now look at them,2,2
eating brownies and then going to the gym idk,2,2
when the pussy stank,1,1
rt if i ride up to your bitch in these then homie consider yourself a single nigga,1,0
cry over lost pussy more emotional than a sissy they get out amp front on hoes simple minds amp point brothas like me out,1,1
rt some of yall hoes so worried about yall eyebrows yall forgot yall had a mustache lmao,1,0
oreos and milk,2,2
thank you based pee slit,2,2
not all straight men i am frustrated unlike on okcupid queer folks don have the ability to block,2,0
shut up zoe fight me pussy for zoe im good man you are good maam move along now,1,1
fuck that niggah he so weak he cant tell that you a freak,1,0
faggot,0,0
wow u hoe is the term for women,1,0
but thats what you call white trash with money,0,0
twice divorced teabagger florida attorney general says marriage is reserved for stable enduring family units,0,0
early bird gets the worm,2,2
like their players really been talking trash about bama,1,2
youre a faggot,0,0
im only back cause i dont wanna see the boys lose to trash,1,2
was straightgt thats why the killed him,2,0
you and yo boys some pussy cats,1,1
puppets like don will intentionally and forever cripple our peoples ability to unify a eco and political consensus,2,2
of bcs titles mil in revenue its great being in a redneck conference and not in ohio,2,2
minus all the retarded poor bots,0,0
big fucking dealcry baby niggers,0,0
ahmed and retard mikey for special olympic boxing,0,0
ill show up and chug a beer or,2,2
im not a bitch like lol sorry not sorry tried to give him a hint that i didnt want to speak to him so idc,1,1
my momma told me to tell you to mind yoooo damn motha fuckin business you not knowin what it is bitch,1,1
these hoes aint loyal,1,1
would not spend my money on trash like that,1,2
pussy its science donaire via rachel spelling error,2,2
on some real shit if i catch this bitch its game on,1,1
hungrier then a phat ho on a diet ig,1,1
the white girls u should holla at but nooooo brothas go for the ugliest bad built hoes ever,1,1
whats with that comeatmebro bird stressful,1,2
i want it i love her gooks she is awesome where did you get it,2,2
forget to salute trash the other guy for the bad war during cairo ii sympathize w pockistan gays hurting morale thanks king,2,2
if you a hoe an try to get serious with someone dont expect to be anything more then a piece of meat to them,1,1
ur seriously a fag hate,0,1
hunter pence is so annoying he should be a red sox player shave fool and take your vyvanse,2,2
ha ha ha no good fat dyke,1,0
mile dead zone radius around phillygotta go to ny or dc rt the tri state needs better bitches,0,1
jordans are trash,2,2
well that sucks that kobe is out now hes still filthy you can hate him all u want but if you dont have respect for him ur retarded,2,1
faggot sack,1,0
tx trash you know trouble w aca is in gop gov states but like you report lies anyway,2,2
i show do like the jeffersons dat george make me wanna open up a dry cleaning stow and call all da white folk honkey,0,2
drakes new shoes that will be released by nikejordan yes theres glitter on the shoes dudes a fag,2,0
ltltbest name on twitter ever aka jewbaccaltltsecond best name on twitter,1,2
but can we all at least agree that you whining like a little bitch because someone threw your phone is absolutely hilarious,1,1
go get left in a hot car and die bitch,1,0
we hate niggers we hate faggots and we hate spicskkk rally,0,0
she wasnt saying she did but yes me and kannon have both been in the ghetto and know what its like so u look dumb,1,2
youve been a good as friend to me glad i got your honkie ass lets fuck shit up this year,0,1
pimps up pimps up hoes down future voice,1,1
man what about wilson being the nd black qb to win a chip talkn about trash talk no shine for russell,2,2
i think worst advice i gave you was dont be a pussy and speed up lol,1,1
omg yall should see this bag of weed dog this bitch like a fasho lmfaooooo,1,1
facts what baldheaded bitch made this shit lmao,1,1
im not weird youre just a faggot,1,0
rt trash eating trash,2,0
id rather follow some girls on instagram rather than have their bird brain tweets on my tl,1,2
i have this ladyloveshes married but i still wanna bang hershe wont have sex with mewhat a bitch a troubadour probably,1,1
i swear if i see any snow tomorrow bruhh you sound like a basic white bitch,1,1
leaving hoes w,1,1
bitch if youre the hobbit you need to let me know right now,1,1
lifes a bitch and then you die thats why we get high cause you neva know when youre gonna go my sister is perfect,1,1
so many hoes thats why,1,1
yes iam single i dont mess or talk to anyone no hoes just me,1,1
im the biggest redskins dam right now if they get this stop,2,2
and of course some rascally on the radio is blaming the dead az firefighters on oy vey,2,2
happy bday bitch ass nigga that bitch roll up,0,1
broke tf outta this niggah at he stopped playen defense and all,0,1
running round here like some brand new pussy thats bout to get fucked,1,1
were here at the opening serving free samples of cider vegan sliders brownies,2,2
you a fag b,0,0
ugly emo trash go cut,0,0
charlie xcx is bae,2,2
i wonder if the progs didnt relegate young black men to the ghettos to keep them away from harry reids friends,2,2
ap calls mass governor race for charlie baker watch live coverage on wcvb streaming online,2,2
ill scream from france for you tom,2,2
i can give you some of my clothes so you can look like a cute dyke,0,0
i really did right off my bed where you put all these dam yellow starburst throws them out the window,2,2
your second add just ruined it a new low picking on a cripple,2,2
im a fucking fag they said,0,1
nasty pay the bills bitch,1,1
lol bitch funny i was over you from the min i tossed your ass to the curb,1,1
fuck the cowboys my birthday in two days hoe,1,1
damn it be cold fo a colored man,1,2
going back to school sucks more dick than the hoes who attend it,1,1
thank you again mick,1,2
i had a bitch that had a bitch had the bitch eating halibut,1,1
aw fag dont tweet aw to me lol,0,1
suiting up again tonight,1,2
no a pop wop,2,2
even the birds think this waking up early thing is bunk,2,2
are you kidding me right now ill smack a hoe,2,1
best rider that goes to a blaxican,0,2
and fuck you too ya little bitch you look like a mexican sucking a cock in ur profile,0,0
alas i am proficient in neither my skills are limited to pointless stat memorization trash talk,2,2
a bitch couldnt pay me to get dem pregnant again fam ion see how niccas out here poppin kids out,1,1
miss you pussy,0,1
afraid of commitment a hoe,2,1
aint fuckin around with i got blessed by jesus and you are not next you fake ass textgt,0,1
ampamp when tha bitches start hating thats wen a bitch lost me,1,1
adam jones homers yankees now lead is a monsta,2,2
yall both gimped up aint tht a bitch huh lol,1,1
iont got not type bad bitches is the only thing that i like ayeee throw that ass in a sphere,1,1
no wonder you run nose first for yo real nigger amp white devil massahs or any man pointing at another to convince u he is less,0,1
rt any bitch who need a crowd to fight is clearly easily influenced amp weak minded amp most likely will commit suicide,1,0
these the kids that call you nigger on xbox,1,1
i dont blame crash for not sharing with you youll probably talk trash about it like you do food trucks,1,2
be gone my nigguh,1,0
fuck east st john and all they fans familys amp friendsshut yo bitch ass up,1,1
thats hoser eh to you,2,2
happy new year check yo clock hun we got another hour lol just did the lil count down thing,2,2
is a job for white trash,0,0
this be me cuh went from its time to settle down to where the hoes at,1,1
porch monkey life,2,0
everybody mocks obama hes an embarrassment to the usa,0,2
fucking pussy,1,1
red neck ice bucket challenge he must be from the sip,0,2
is full of white trash,0,0
karma is a bitch sips tea,1,1
ass slapping is one the greatest things haha i slapped a girl on the ass she got mad i aint get pussy for a week,1,1
good pussy be making a nigga have to regroup pull out and get your thoughts together,1,1
lmfaoooo i hate black people this is why theres black people and niggers,0,0
i saw the actual tweet while scanning jihadi accounts they put a screen shot of it with all aid workers r spies,2,2
lol trash i would of kept it if she was cute,1,2
youre just another nigguh,1,0
niggas always yelling fuck bitches get money meanwhile theyre broke and still want the bitches,1,1
lmao yes i kind of like it its not that ghetto yet amp they are and then he says u feel me,2,2
ahhh you know who so smart donny but yes rt yass im glad you speak your mind to these faces hoes,1,1
apple need to add some colored emoji,2,2
what ppl expect august aslina is a nig from new orleans,1,0
how is it being colored blind,2,2
i didnt know were blue and yellow,2,2
needy hoes ratchet hoes sideline hoes beggin hoes dumb hoes looking for love on facebook hoes,1,1
of us decided to drink everclear and go to a yankees game only two made it to their seat,2,2
my charger got my fucked up finna wrap the cord tf around my phone this bitch finna charge today cuhz,1,1
make a niggah buy a ring for ya finger jimmies for ya feet jeans for that back lingerie for the,1,1
letz getup deep dish vocal mix nagasaki hiroshima yellow asian flu n emoto ill egg god,2,2
when people complain to me about prices im just like bitch do i look like i make the rules,1,1
i need a spanish woman they dont have ghetto names they can cook they down with u till the casket and they curvy,1,2
a very hot black tranny is mastu,2,1
trash,2,2
brownies for my brownie i love this movie,2,2
confusing circumstances seem to get in the way of your high ho more for virgo,2,2
then the kid he sold it to brought it back to him cooked in a brownie,2,2
im pregnant charlie brown,2,2
check cashing on the corner of el cajon and calwood its across the steer for pollo loco,1,2
hey aklve im taking out the black ghetto trash youre blocked nigger,0,0
i def got a few shades darker cutting my mama grass there goes my yellow frame lol,2,2
k coaches are retarded who would put a point guard at the tho,0,1
come on charlie our government was just trying to protect the desert tortoise atleast thats what barack obama says,0,2
i want you to be pussy whipped im yours,0,1
rt i dont care tho cracker,1,0
find one where be beat nathan moons head into the ice too ol andrew is straight trash as far as hockey,2,2
i hate hoes,1,0
don be a hurt little faggot,1,0
dont like to trash talking either way but to be fair thats just on twitter im having a ball on texts,2,2
just come stop in this bitch cause im bout to get off,1,1
millionaires just walked in why you tripping bitch you paid for the fight lmao,1,1
when im in that pussy honey im home,1,1
trying to run game on me u dumb bitch her tho,1,1
wetback,0,0
fuck u nigger,0,0
what did you search gay redneck episode play,0,0
rt rt tight pants and loud colors you look like a fag,0,0
we have a project that could lead into a military program but requires a full op mock up for testing,2,2
i love floating monkey heads as much as the next person but active surplus website is just redonkulus,2,2
niggas wear wigs more than bitches these days,1,0
women who are feminist are the ugly bitches who cant find a man for themselves,0,0
you aint special niglet rt when im chilling wit greg ppl walk up to me to ask me to take pics,1,0
if you got paid million dollars to eat a nugget of shit would u eat it smash that bitch,1,1
bitch you fucking told me to sit in that seat and yo dumbass come again saying why you sitting there bitch,1,1
great reply except it was trash,2,2
ion care about none of these bitches,0,1
its idiotic opinions like this that make polls less than trash polls werent a problem when people with integrity were voting,2,2
yeah and youre gonna play with retards who wanna do drugs all day but,0,2
tea bag a bitch pahahaha,1,0
why you let these hoes tear what we had right apart,0,1
i aint trippen off you no mo i done dropped you knocked owe i could neva be a foo for a hoe i put,1,1
is there a looser town than if yes id like to visit,1,2
why the eggplant emoji doey he say she looked like scream lmao,2,2
bitches so late ion exposed,1,1
rt niggas always wanna talk about how god is against gays what about that pussy you was eating last night aint god ag,1,0
this bitch,1,1
kim kardashian look like a tranny with all that surgery,1,0
fucking gay faggot look at that gay ass pink shirt haha,0,0
killed hello but whatever go ahead yourself into pocketsgt,0,1
is it weird licking your own nip,2,2
i tend to have more sense that bitches older than me thats sad,1,1
birds of a feather flock together,2,2
dese hoes be lyin to all of us nigga,0,1
i be laughing when my ex be tryna stunt bitch you forgot i went with you i know what you got amp dont got,1,1
oreo ice cream cake,2,2
just got done with my last final and im walkin around campus like i own this place queer,1,0
do you have a nickname what is it tator tator tot tightey whitey whitey jr taylor whitey pants agent ti,2,2
im tired of her corny vines ugly faces and stupid voices my nigga shes sexy,1,1
its kinda screwed up that they were my guinea pigs but i was only experimenting on taste instead i got more interesting results,2,2
you a faggot if you eat pork chops,0,1
niggas over with long ass monkey arms make the best cuddle buddiesso i heard ahaha a female told me this once,1,1
rt youre a retard,0,0
essence fest anyone ill be there on the main stage stepping with uncle charlie,2,2
i for one welcome our new eastern panhandle overlords and hope they do a better job than the yokels who got us here in the first place,2,2
rt hop off hoe rt come on,0,1
this this this pack it up and head to nyc please enjoy being called a hick for a few years come home humbled,2,2
yes im white washed because i dont go around repping my hood and saying a bunch of ignorant nig terms,0,0
u a regular nig u played out b lol ima b ig famous days that counts for somethin,1,0
yall so fuckin trash yo man them niggas gonna win the skins trash,0,1
rt black girls have never been into me i guess cause i dont call them hoes sell drugs or shoot niggas o well,1,0
egypt r the muzzie bros still running things only a tad better certainly no respectors of dem though,0,2
ga charlie,2,2
ima act like i hit that hoe then pass it like i was earlier,1,1
rt fox got dem bitches huh,0,1
you rememberit used to be funny coloured paper,2,2
bud lites and well shots at the bar tn plus im giving away a trip to las vegas so if youre not a cunt come visit me at bourbon st,1,1
rino trash like see conservatives as the democrat party see blacks as their slave property,0,0
chburashka sure gets to be a nitpicky russian monkeybear thing sometimes doesnt he,2,2
dont let your side bitch settle in i might have to headbutt you evelyn,1,1
was just wondering if yo espect to add mo colored tv stations befo i renew dis,2,2
im feelin like malcolm in the middle these bitches surround me they cant miss em,1,1
oh my phone is some trash but you knew that,1,2
these hoes aint loyal,1,1
bostons jihadi nest and student arm of the muslim brotherhood joe for america via,2,2
just said uswas full of nicegivingsmart ppli thought we were meanunexceptionalbitter clingers,0,2
got the carburetor foyer my c being rebuilt by my friend everybodys got one i need they can build,1,1
best asian massage on the park slope top rated spa,2,2
is a bitch,1,1
bro like i really enjoy like eating pussy from the back it makes it more nasty i like nasty haha like eating ass,1,1
yall be tweakin wit that wce shit aint no way in hell u like that bitch every single day,1,1
rt is that kawhi leonard smh rt wow u really gonna leak ou nvm rt ion need i fuc nig,0,0
would this faggot survive in tj,0,1
niggers,0,0
seen a pic of nigs robbing a store caption saidprotesting gos on in fergerson lol i dont like pigs either but wtf,0,1
yall forget he has his brand new baby girl at home bitch the cookies are burning,1,1
rt i wanna sleep but im outside with this nigger lol trying to hang him,0,0
single af we dont care youre ugly anyways me pussy,1,1
should be going to free birds anyways,2,2
when rappers say twat it makes me feel weird,2,2
them hoes are clean,1,2
the hoes be by my house we be at tony spot mf,0,1
me too d dick and pussy is too precious to give up and be ruined by some bullshit that was done to me,1,1
yall gots to take da colored vacation kentucky fried chicken but only da white meat,2,2
killin in tekken lies you trash,1,1
yeah i run over squirrels and coons,2,2
baby monkey bathtime awwwwe this is soooo adorable,2,2
dat cat gonna scratch all up on dat colored boy and he gonna end up in da chow mein,1,2
yeahcause if anyone thinks this clown went to to buy oreos is as stupid as all of them look,2,2
quit bitching faggot happy you cant see your faggot family cry baby little girl crying in the parking lot you aint a man sissy,1,0
despite the zebra red rocket special portland beats those jersey shore floppers,2,2
they need to stop picking up ufcs trash though and build up there own fighters more,0,2
make the most of what you have dont tell me what to do bitch,0,1
this bitch tried the wrong one itll all go down hill from now,1,1
hoe hoe hoe merry christmas,1,2
you know what you did you faggot there are literally thousands of people that have you on their radar homo,0,0
rt hood hoes love harrell football team,0,1
monkey mad,0,2
bitch you up and joined the fucking army and those of us around this bitch was like where the fuck rob go to the fuckin army,0,1
in this bitch st and washington space a,0,1
aka he wanna keep you warm shoulda just introduced himself,2,2
on my way to fuck yo bitch me as a year old,1,1
somebody please choke that fucking retard that keeps yelling mashed potatoes what a tool,0,0
cute ass niggah,1,0
me or nat def not me with that shiner,2,2
your teeth are like the stars aww thanks yeah yellow and far away from each other,2,2
they faggots orioles petty as fuckgot swept up outta this bitch,0,1
rt what can banks do to show engagement with the queer community hire trans women,0,0
sick of all the trash talk and cocky attitudes refs have to take control when needed,2,2
yall niggas b cuffing hoes cause yall aint never have bitches,1,1
yes das def da problemif histeacher was a spear chucker he woulda gt both dose rite,0,2
fake bitches i dont want your hugs,0,1
great white once bitten twice shy on,2,2
arent they the best there story is here now its time to visit our yellow friends at,1,2
its a nice way of callin yall honkies,2,0
im rich dave chappelle voice signed ped users say bitch you pussy,1,1
im tired of bitches saying i look mean nigga you big af wear tight shirts and grim everybody,1,1
amp thots are wearing uggs rt negros are pulling out their timbs,0,2
toma eso negros,2,2
it can make a bitch cheat up to four points on the scale of to,2,1
lax gun laws ur retarded theres murder there bcuz no one can defend themselves only crooks have guns there,2,2
i see so many mad hoes on the tl tht shit should be illegal,1,1
that one ex you cant seem to get overltltlt an is a cunt,0,1
rt anybody who trashes their own neighborhood after a perceived injustice is a fucking moron,1,0
charlie browna christmas storyrudolph but only because of the island of misfit toys,2,2
i wish faggots like would stop making music rack city was fucking awful get the fuck outta michigan,0,0
omarion ol girl w this negative ass vibe i hate mamas like her hoe need to be,1,1
i find myself wanting to google the yellow king no kidding what is going on,2,2
oh ya these hoes think they cute in skin tight cat suits assuming that they bodies to boomin to dispute,1,1
bitch ima shake til i cant nomo,1,1
black guy in class attempts to throw a paper ball into the trashmisses mrs mundy youre a disgrace to your race marcus,0,2
rt sav is a fag,0,0
pit bulls photographed as lovely fairy tale creatures they are fairy tale creatures,2,2
experience charlie married woman who loves hot phone sex with strangers can you get me off,2,2
bad bitches glocks choppas,1,1
i think if my girlfriend were to get locked up shed be the first one raped bitch swerve,1,1
fuckkkkk my nig a g tho he gonna come back,1,0
the person who significant other a hoe and you the so cheating,0,1
faggots,0,0
im making pollo a la brasso today,1,2
waiting on this wetback sycksyllables,1,0
you a woulda coulda shoulda ass hoe,0,1
my fault it sound like it fucc nicca,0,2
dumb ugly stupid bullshit ass bitch,0,0
its allegations were u in the bedroom did u see it words of a naive amp blind bitch we know ur husband cheated on u ramona is dumb,1,1
females think dating a pussy is cute now how does doing this stuff make him a pussy,1,1
literally every man in my fam copped a bad white bitch as a wife i aint even boutta break da chain unless a latina comes around,1,0
we might have more cant really be sure but some weird little bird said that might be a possibility stay tuned maybe,1,2
quote this with a weezy verse youre like a bitch with no ass you aint got shit,1,1
i always soprised dat i has mo while followers den colored,0,2
as long as the lakers trash from now on i could careless and thats real cc hahaha,2,2
baby momma no bitch no wife like pac u need a thug in ya life,1,1
roman catholics in the us are trash they give catholics in europe a bad name,2,0
charlie daniels goes off on evil,2,2
at least im not black bitch your parents left you in the mcdonalds parking lot after you were born,0,0
they have some ghetto ass bands gets snuck,0,1
lmao nvm thats right bitch go drink some warm milk and go to bed,1,1
ugly dyke,0,0
cute preggie slut big tits plays with swollen pussy,1,1
charlie crist r i d fl rumored to demand a recount,2,2
i guess a niggah just believe in ya thats proof for ya can name a lot of things any other man wont do for ya,1,1
rt remember the yellow badge nazis used israel is making muslim women carry a yellow badge order to pray in alaqsah,0,0
bitch niggas pay for hoes just to lay with hoes relax one night youll pay to stay with hoes,1,1
ive been knowing fag,1,0
in middle school hoes used to call me a mandingo warrior,0,1
so trash,2,2
that pic with the red bone in braids and that tiger in the back for sale,2,2
street birds homeless people twittering in amsterdam via,2,2
yo mama bitch rt what was the one sentence that ended your relationship,1,1
i hate that my mom says she trying to move out here like bitch the only reason your trying is because you dont have a place to live,0,0
fuck a bad bitch id rather have a good girl whos a freak just for me times,1,1
eh bitch how about you worry about your own psychotic ass looks like you need to be saved from being a noisy bitch,0,0
i read a black man tweet hot sauce is trash amp watermelon is overrated i cant deal,2,2
right come then what wait another months naaaawwwww i could be pimpin these hoes lol,1,1
burritos are trash,2,2
in dc we call them rollers in chiraq we call them thots all across america they have been known as a hoe,0,1
how bitch how fresh,1,1
a smuggler explains how he helped fighters along the jihadi highway,2,2
i think i found a normal roommate again praise be to jesus these current ones are about to get their throats slit in their sleep,2,2
dont really care if a fighters black white yellow or dalmatian if he is good he is good,2,2
happy birthday to this coon ass nigga buckcity,0,0
youre not funny trash,0,2
hes fucking trash,0,1
its showing fairy blocked me,1,2
every gook in should be deported or killed,0,0
shut up faggot,0,0
i hate when boys deny that they have bitches smh,1,1
the favorite drink of white trash everywhere,0,0
i have really light colored eyebrows naturally and its not ok,2,2
hes a hoe i cant,1,1
bitch fuck u maybe youll get better just,1,1
hoes thinkin they bad even if they are i will tell her bitch calm down u average,1,1
of the female population needs to stop being such a bitch,1,1
yall hoes get turned on for no reason be like owieee he got tats he bang wifi with no password my,1,1
yep sobsi got my hopes up when a couple of the national guys including that kipermcshay mock had him slipping,2,2
i wish i was a bitch like my brother keezy ooooow i bet you do,1,1
covington reads responses amp mocks fbi andy on real politics liv on her awakening gretchen,1,2
charlie crist and rick scott are both scumbags however interesting that crist has yet to run one just one positive political ad,2,2
youre a coon,0,0
rt fuck islam you pigfucking trash troll,0,0
th rt beat my pussy up like i snitched on you and you had to serve time in a state correctional facility for years,1,1
all us beaners were pissed like robert when the jew ref stopped it,0,0
twitter is not a source of news broadcast you fucking retards it is when nbc abc cnn fox etc are all keeping quiet,0,1
if i ever put ma trust ina bitch ill always be hurt,1,1
blonde tranny ass fucked,1,1
leave dyke,0,0
am so high that birds and planes are my peers,2,2
grudges are for weirdosand bitches,1,1
how the hell was david murphys hit not a home run clearly over the yellow line another umpire mess up smh,2,2
can i help youmaybe you gotta card for that tranny died in your motel room now your wife knows here an applebees gift card,2,2
rt most common white people activities wearing tapout shooting up schools calling you a nigger on xbox,0,0
off to the east of your current location on an eastfacing slope dry side of a dry place,2,2
you have a redneck attitude the same people that think benghazzi is real think fox fake nws is real your one,0,0
rt i really hate attention seeking hoes hope they all die,0,0
still hanging in we need this win nfl its not sunday,2,2
gmdont be the bird that didnt get the worm today,2,2
if you used the obamacare website you should definitely change your password hahahahahah thats sad,2,2
fuck twerking bitch can you cook,1,1
time for the lonely hoes watching re runs,0,1
everytime i come in the kitchen you in the kitchen in the goddamn refrigerator eatin up all the pussy,2,1
i cant take you serious if you wear colored contacts,2,2
pussy is a powerful drug,1,1
some of yall hoes nasty yall find out yall sharing or shared dick with a dirty ass female and still fuck the nigga,1,1
congrats amos,2,2
that would be your yankees earlwe all know they should win all,2,2
i like how niggas try an come at me and im like do it then bitch and they dont do shit pussies,1,0
like some of the worst lyrics they post are beautiful but just because they dont know what theyre talking about its trash,2,2
at pussy cat lounge killin it with my girlz and,1,2
is out of wedlock births a lie latinos in nd place mostly driven up by illegal aliens w anchor babies,2,2
call him a cock blocking faggot,1,0
she love it when i talk to her crazy suck a niggah dick with a whole lotta spit let it drip yea catch,1,1
down look to rally in the bottom of the th,2,2
leo apolonio look this niggah did a drive by on the bike,1,1
god made male and female blades of grass every living thing must reproduce itself to stay on this earth birds bees and grass sexnatural,2,2
is a time amp a place decaf coffee never amp in the trash humor via amp,2,2
if you enjoy hunting for sport then youre trash if you hunt for food you deserve to starve,2,2
bitch,1,1
cause these hoes aint loyal these niggas aint either when it go down you callin for hitters that you,1,1
best asian massage on the park slope top rated spa,2,2
yall big braid gelled baby hair havin bitches look like dashiki from dont be a menace this is not up for discussion,1,1
iheinz stfu she thinks your ugly and hard to look at get the fuck out of chat faggot before i block you oct th am,1,1
whens homecoming ho slut the th,1,1
but bitches catch feelings after all the damn time,1,1
morphing into charlie weis will never cease to be disturbing,2,2
pussy ass schedule,0,1
hell naw he aint he the star of that team lol but im sure that white honkey called him a nigga,0,0
gayer then faggots in bed together,1,0
people who live in are unwashed trash,0,0
faggot bitch,0,1
in real life and online i follow that sorry folks but just cause i look like a border hopper dont mean i am one born and raised here,1,0
because i thought jay z would hit her yeah he is known for sockin a bitch or,0,1
how bout them cowboys shutup pussy,2,1
im on this hoe like this every night just be tweeting bullshit,1,1
and where do you think unsold items from thrift stores go the garbage think of all the great games that are in trash dumps as we speak,2,2
i like where ur domes at,1,2
the leftisthomosexual war on the church kicked into high gear with the infiltration of the priesthood by boyraping fags,2,0
just dont bitch when your power goes out like last time,1,1
night jigaboo,0,2
if you get yo girl took dont be mad at the niggah who did it be mad at her cause he dont owe you loyalty she does,1,1
im rea start smacking bitches period bluffin at its best,1,1
you had to throw in the faggot word smh smh smh,0,0
dreamed i was eating a brownie and started salivating and woke up almost coughing myself to death today is a struggle,2,2
did everyone elses parents use to refer to the power puff girls as powder puff girls or were mine just exceptionally retarded,1,2
wow i can put slit trophies against u in those,0,2
bet yall bitches was deaf to mc lytes words about being treated like a queen huh,1,1
who else thinks lip biting is fucking sexy until that bitch bite too hard put a hoe out once for that,1,1
black bottle amp a bad bitch,0,1
faggot,0,0
arent you embarrassed that charlie rangel remains in your caucus,2,2
it took a while for you to find me but i was hiding in the lime tree dis bitch in da wrong tree bro,1,1
come home from work to bridesmaids twinkies and a bottle of wine,2,2
rip deshawn i dont know him but i know a darkskin niggah in the hood named deshawn getting shot tonight,1,1
honestly the performers on there red carpet were trash hahahaahahahaha,2,2
bitch youre the ugliest cunt ever,0,0
go jerk off to lollis faggot,1,0
bitch you watch your fucking mouth you dirty whore i swear to god thats a thin line,0,0
is full of white trash,0,0
rico full of shyt of money hoe,1,1
haahaa dumb bitch,1,1
niggah said my girl off limits thirsty niggahs stay out her inbox but the bitch look like kunta kintes,1,1
i mean most ppl confuse when to use to and too this nicca used the word two when he shouldve used to,2,2
food gt pussy but pussy food so food pussy,1,1
fat fucking funky nasty ass hoes,1,0
lol cripple wendy davis rt scientists create remotecontrolled chick to study shy penguins,2,2
i hate fat bitches,0,0
need to get laid sike im celibatebitches be like,1,1
you a oreo cookie now,2,2
i dont bend that way queer thanks for the offer its flattering,0,0
everyone thinks that im not the person on my id like look at my moles i dont understand like i colored my hair what a big difference,0,2
im much for these niggas and much for these hoes,1,1
not if youre standing in btw the yellow lines,2,2
if the faggots can have a page y cant theyfaggots offend me more than them,0,0
i can not wait to see this fucking cunt her ass is mine,1,1
rt i think all dem hoes on lahhh regular co worker was messing with omarion bm,1,1
rt chava needs to stay in his lane and keep sending gyro to hell you dont want it with the big boys you dirt infest ass beaner,1,0
if u was talkin to my nig or smashed da homies,0,0
a bright neon yellow gauntlet,2,2
between this trend and the vines acting like women its like niggas couldnt wait to be faggots,1,0
when bitches twerk on the computerme in ya in ya damn,1,1
rt i hate a bitch dat act like a nigga,1,0
species of birds reported in chesterfield for the great backyard bird count how many in your area,2,2
fuck her pussy fuck her mouth fuck her ass cause she nasty,1,0
rt these hoes aint loyal,1,1
is hillary the bird candidate via,2,2
if he has a girlfriend dont be a hoe and text him yanno who u r,1,1
birds your grandkids may never see thanks to climate change,2,2
im dreaming ewwww you must be fucked up,1,1
rt well maryland is just a bunch of hateful rednecks anyway,0,0
rt sometimes i wanna upper cut this bitch but i dont know if shes special ed or not,1,0
this bitch midy must be crazy,1,1
you know idgaf about a womans lingerie matching when i love hairy pussy so much,1,1
home made my wife rubbing her pussy,1,1
bitch i called yu back the lies,1,1
you look like a welfare bitch compared to latinas i date and fuck you need fashion and makeup tips tbh,1,0
yellow bone be oh so easy wit da name callin b,2,2
they have to that division is trash saints gon win the nfc southwatch,2,2
do i have to repeat myself u white trash,0,0
i luh to lick the middle like an oreo,2,2
we out brooklyn bound wit this money feelin like yung jeezy in this bitch lmaoooo,1,1
glad im getting outta atlanta nothing but a bunch of niggas in amp outta jail amp dumb bitches with mad kids fuckin em,1,1
niggas want pussy i aint giving any out here is where lies our dilemma thats cool,1,1
bitch gotta work all hard to clean that shit without ripping her skin lmaosjdusubejs,1,1
whats the symptoms for ebola my stomach been hurting b im nervous you better not be we was drinking out same bottle,1,1
lol bitches from riverside to la ahah,1,1
flappy bird is gonna be the death of me,2,2
that pussy so wet she gotta dry outside telling my business,1,1
how u talking to hoes bout bro n em why you talking to hoes bout bro n em,1,1
goh d anoniemeaso meeting heeft weer pauzenog steeds niet bij hoofdstukhoe haal ik mn id,2,2
french word for potato translates as earth apple banana is long yellow tree apple submarines are big wet hollow kaboom apple,2,2
i be waking up on some new shit like fuck that bitch shit,1,0
work gets me through those rough days hahaha,2,1
yea u stupid faggot im not leaving till like pm want a ride,0,0
get me that shit bitch you is fine bear,1,1
man bitch am not gonna do a damn thang if u dont like what i got to say then unfollow me,1,0
i cannot express how infinitely better the book is to this trash,2,2
bitch wanna date the flyest nigga then be shocked when he has hoes lol,1,1
she herd i was a dope boy i herd she was a gold digger all i know is she a real bitch so i fuck her like a real niggah,1,1
birthday weekend starts today shut yo hoe ass up,1,1
im so winning bitch,1,1
on my way to fuck ur bitch,1,1
vietgoddamnnam thats what happened go get me a beer bitch,0,1
given the rickety slant of that roof id say more like pizza shanty,2,2
get your ass back to detroit ya fuckin wigger,0,1
i had froyo with brownies for dinner tonight being an adult is making these executive decisions,2,2
diabetes galore rt colorado health officials recommend pot brownie ban,2,2
this nigga over here telling me he dont fuck with this bitch when he do or maybe she lying lol,1,0
fingers crossed for you if not chug chug chug lol,2,2
